US:Advicor,Advair
US:Celexa,Celebrex
US:Loxitane,Lexapro
US:Levemir,Lovenox
US:CoZaar,Zocor
US:sertraline,Zoloft
US:analgesic,ibuprofen
US:addaprin,ibuprofen
US:ibumetin,ibuprofen
US:NSAID,ibuprofen
EU:Advicor,Advair
EU:Celexa,Celebrex
EU:Loxitane,Lexapro
EU:Levemir,Lovenox
EU:CoZaar,Zocor
EU:sertraline,Zoloft
EU:Seretide,Advair
EU:Celebra,Celebrex
EU:Cipralex,Lexapro
EU:Clexane,Lovenox
EU:Simovil,Zocor
EU:Gladem,Zoloft
EU:analgesic,ibuprofen
EU:ibumetin,ibuprofen
EU:NSAID,ibuprofen
m1:Advicor,Advair
m1:Celexa,Celebrex
m1:Loxitane,Lexapro
m1:Levemir,Lovenox
m1:CoZaar,Zocor
m1:sertraline,Zoloft
m1:Seretide,Advair
m1:analgesic,Celebrex
m1:ibumetin,Lexapro
m1:ibumetin,Lovenox
m1:ibumetin,Zocor
m1:ibumetin,Zoloft
m1:analgesic,ibuprofen
m1:Seretide,ibuprofen
m1:Seretide,ibuprofen
m2:Advicor,Advair
m2:Celexa,Celebrex
m2:Loxitane,Lexapro
m2:Levemir,Lovenox
m2:CoZaar,Zocor
m2:sertraline,Zoloft
m2:Seretide,Advair
m2:analgesic,Celebrex
m2:ibumetin,Lexapro
m2:ibumetin,Lovenox
m2:ibumetin,Zocor
m2:ibumetin,Zoloft
m2:analgesic,ibuprofen
m2:Seretide,ibuprofen
m2:Seretide,ibuprofen
m3:Celexa,Advair
m3:Celexa,Celebrex
m3:sertraline,Lexapro
m3:sertraline,Lovenox
m3:CoZaar,Zocor
m3:sertraline,Zoloft
m3:CoZaar,ibuprofen
m3:sertraline,ibuprofen
m3:sertraline,ibuprofen
m3:sertraline,ibuprofen
m4:Celexa,Advair
m4:Simovil,Celebrex
m4:Simovil,Lexapro
m4:Simovil,Lovenox
m4:CoZaar,Zocor
m4:sertraline,Zoloft
m4:CoZaar,ibuprofen
m4:Gladem,ibuprofen
m4:Gladem,ibuprofen
m4:Gladem,ibuprofen